{
  "seed": 44,
  "label": "conv1",
  "losses": {},
  "seen_means": {},
  "unseen_means": {},
  "recovery": {
    "random": [
      [
        0,
        0.14698
      ],
      [
        20,
        0.20948000000000003
      ],
      [
        40,
        0.24067999999999995
      ],
      [
        60,
        0.27118000000000003
      ],
      [
        80,
        0.29850000000000004
      ],
      [
        100,
        0.32639999999999997
      ],
      [
        120,
        0.35596
      ],
      [
        140,
        0.38493999999999995
      ],
      [
        160,
        0.40800000000000003
      ],
      [
        180,
        0.43226000000000003
      ],
      [
        200,
        0.45628
      ],
      [
        220,
        0.47273999999999994
      ],
      [
        240,
        0.5006
      ],
      [
        260,
        0.5245
      ],
      [
        280,
        0.54884
      ],
      [
        300,
        0.56796
      ]
    ]
  },
  "pi_start": null,
  "pi_final": null,
  "pi_delta": null
}