{
  "seed": 42,
  "label": "conv1",
  "losses": {},
  "seen_means": {},
  "unseen_means": {},
  "recovery": {
    "random": [
      [
        0,
        0.13742
      ],
      [
        20,
        0.20423999999999998
      ],
      [
        40,
        0.23562000000000002
      ],
      [
        60,
        0.26186
      ],
      [
        80,
        0.28992
      ],
      [
        100,
        0.31215999999999994
      ],
      [
        120,
        0.33786
      ],
      [
        140,
        0.37054
      ],
      [
        160,
        0.39654
      ],
      [
        180,
        0.4237
      ],
      [
        200,
        0.4468
      ],
      [
        220,
        0.47294
      ],
      [
        240,
        0.491
      ],
      [
        260,
        0.51976
      ],
      [
        280,
        0.5428200000000001
      ],
      [
        300,
        0.5651200000000001
      ]
    ]
  },
  "pi_start": null,
  "pi_final": null,
  "pi_delta": null
}