{
  "seed": 43,
  "label": "conv1",
  "losses": {},
  "seen_means": {},
  "unseen_means": {},
  "recovery": {
    "random": [
      [
        0,
        0.16374
      ],
      [
        20,
        0.21059999999999998
      ],
      [
        40,
        0.24626
      ],
      [
        60,
        0.28184
      ],
      [
        80,
        0.30864
      ],
      [
        100,
        0.34147999999999995
      ],
      [
        120,
        0.37272000000000005
      ],
      [
        140,
        0.40374
      ],
      [
        160,
        0.43305999999999994
      ],
      [
        180,
        0.4604799999999999
      ],
      [
        200,
        0.48861999999999994
      ],
      [
        220,
        0.51052
      ],
      [
        240,
        0.53656
      ],
      [
        260,
        0.56074
      ],
      [
        280,
        0.58528
      ],
      [
        300,
        0.6000599999999999
      ]
    ]
  },
  "pi_start": null,
  "pi_final": null,
  "pi_delta": null
}