{
  "seed": 42,
  "label": "FC",
  "losses": {},
  "seen_means": {},
  "unseen_means": {},
  "recovery": {
    "random": [
      [
        0,
        0.11664000000000001
      ],
      [
        20,
        0.33662000000000003
      ],
      [
        40,
        0.60014
      ],
      [
        60,
        0.70718
      ],
      [
        80,
        0.75356
      ],
      [
        100,
        0.7795
      ],
      [
        120,
        0.7939
      ],
      [
        140,
        0.80414
      ],
      [
        160,
        0.8116
      ],
      [
        180,
        0.8160000000000001
      ],
      [
        200,
        0.8194800000000001
      ],
      [
        220,
        0.82226
      ],
      [
        240,
        0.82584
      ],
      [
        260,
        0.82684
      ],
      [
        280,
        0.8296000000000001
      ],
      [
        300,
        0.83086
      ]
    ]
  },
  "pi_start": null,
  "pi_final": null,
  "pi_delta": null
}