{
  "seed": 44,
  "label": "FC",
  "losses": {},
  "seen_means": {},
  "unseen_means": {},
  "recovery": {
    "random": [
      [
        0,
        0.10195999999999998
      ],
      [
        20,
        0.34859999999999997
      ],
      [
        40,
        0.5911000000000001
      ],
      [
        60,
        0.7069599999999999
      ],
      [
        80,
        0.7552999999999999
      ],
      [
        100,
        0.78042
      ],
      [
        120,
        0.7940999999999999
      ],
      [
        140,
        0.8050599999999999
      ],
      [
        160,
        0.8116199999999999
      ],
      [
        180,
        0.8166799999999999
      ],
      [
        200,
        0.8197999999999999
      ],
      [
        220,
        0.8245799999999999
      ],
      [
        240,
        0.82684
      ],
      [
        260,
        0.82966
      ],
      [
        280,
        0.8304199999999999
      ],
      [
        300,
        0.83352
      ]
    ]
  },
  "pi_start": null,
  "pi_final": null,
  "pi_delta": null
}