{
  "seed": 43,
  "label": "FC",
  "losses": {},
  "seen_means": {},
  "unseen_means": {},
  "recovery": {
    "random": [
      [
        0,
        0.08576
      ],
      [
        20,
        0.28142
      ],
      [
        40,
        0.55038
      ],
      [
        60,
        0.6844999999999999
      ],
      [
        80,
        0.7420199999999999
      ],
      [
        100,
        0.77144
      ],
      [
        120,
        0.7882
      ],
      [
        140,
        0.8013200000000001
      ],
      [
        160,
        0.8073799999999999
      ],
      [
        180,
        0.8141
      ],
      [
        200,
        0.8177
      ],
      [
        220,
        0.82144
      ],
      [
        240,
        0.8258800000000001
      ],
      [
        260,
        0.82592
      ],
      [
        280,
        0.82882
      ],
      [
        300,
        0.8303799999999999
      ]
    ]
  },
  "pi_start": null,
  "pi_final": null,
  "pi_delta": null
}