{
  "seed": 42,
  "population": "seen",
  "protocol": "zero_shot",
  "results": {
    "conv": {
      "member_accs": [
        0.5550781488418579,
        0.596484363079071,
        0.6390625238418579,
        0.617968738079071,
        0.6539062857627869,
        0.524218738079071,
        0.610546886920929,
        0.5503906607627869,
        0.48554688692092896,
        0.6050781607627869
      ],
      "single_mean": 0.5838281512260437,
      "single_std": 0.053343866020441055,
      "ensemble_acc": 0.703125,
      "ensemble_gain": 0.1192968487739563,
      "mean_disagreement": 0.437699658340878,
      "pairwise_disagreements": [
        0.3617187440395355,
        0.3980468809604645,
        0.34257814288139343,
        0.35273438692092896,
        0.518359363079071,
        0.4554687440395355,
        0.5191406607627869,
        0.548046886920929,
        0.508984386920929,
        0.3441406190395355,
        0.3394531309604645,
        0.3062500059604645,
        0.4609375,
        0.4242187440395355,
        0.45585939288139343,
        0.533984363079071,
        0.45703125,
        0.25664064288139343,
        0.31914064288139343,
        0.4722656309604645,
        0.40625,
        0.49726563692092896,
        0.48945313692092896,
        0.4457031190395355,
        0.30781251192092896,
        0.439453125,
        0.39531251788139343,
        0.4839843809604645,
        0.501953125,
        0.4574218690395355,
        0.45703125,
        0.4164062440395355,
        0.4609375,
        0.5406250357627869,
        0.41718751192092896,
        0.3980468809604645,
        0.443359375,
        0.5933594107627869,
        0.45820313692092896,
        0.41523438692092896,
        0.528124988079071,
        0.3636718690395355,
        0.522265613079071,
        0.3882812559604645,
        0.494140625
      ]
    },
    "conv_sigmapi": {
      "member_accs": [
        0.616015613079071,
        0.6019531488418579,
        0.6578125357627869,
        0.6343750357627869,
        0.6507812738418579,
        0.5,
        0.610546886920929,
        0.5746093988418579,
        0.524218738079071,
        0.5941406488418579
      ],
      "single_mean": 0.5964453220367432,
      "single_std": 0.051391392946243286,
      "ensemble_acc": 0.727343738079071,
      "ensemble_gain": 0.13089841604232788,
      "mean_disagreement": 0.44141493837038676,
      "pairwise_disagreements": [
        0.36250001192092896,
        0.3667968809604645,
        0.32343751192092896,
        0.3375000059604645,
        0.516796886920929,
        0.44921875,
        0.4742187559604645,
        0.5113281607627869,
        0.48515626788139343,
        0.31328126788139343,
        0.3453125059604645,
        0.31367188692092896,
        0.4761718809604645,
        0.462890625,
        0.46562501788139343,
        0.524609386920929,
        0.48515626788139343,
        0.255859375,
        0.3089843690395355,
        0.4671874940395355,
        0.4273437559604645,
        0.46953126788139343,
        0.4800781309604645,
        0.4488281309604645,
        0.3089843690395355,
        0.47148439288139343,
        0.4242187440395355,
        0.48046875,
        0.5101562738418579,
        0.47187501192092896,
        0.4847656190395355,
        0.44023439288139343,
        0.4449218809604645,
        0.540234386920929,
        0.4312500059604645,
        0.42695313692092896,
        0.46484375,
        0.59765625,
        0.4859375059604645,
        0.43671876192092896,
        0.4925781190395355,
        0.4398437440395355,
        0.524218738079071,
        0.40546876192092896,
        0.5093750357627869
      ]
    }
  }
}