{
  "seeds": [
    42,
    43,
    44
  ],
  "experiments": {
    "fc": {
      "label": "FC",
      "per_seed_final": {
        "42": 0.83086,
        "43": 0.8303799999999999,
        "44": 0.83352
      },
      "final_mean": 0.8315866666666666,
      "final_std": 0.0016914293758042345,
      "steps": [
        0,
        20,
        40,
        60,
        80,
        100,
        120,
        140,
        160,
        180,
        200,
        220,
        240,
        260,
        280,
        300
      ],
      "mean_curve": [
        0.10145333333333334,
        0.3222133333333333,
        0.5805400000000001,
        0.6995466666666666,
        0.7502933333333331,
        0.77712,
        0.7920666666666666,
        0.8035066666666667,
        0.8101999999999999,
        0.8155933333333333,
        0.8189933333333332,
        0.82276,
        0.8261866666666666,
        0.8274733333333333,
        0.8296133333333332,
        0.8315866666666666
      ],
      "std_curve": [
        0.01544623362937818,
        0.035832277813911476,
        0.026507538550382258,
        0.013031259852114634,
        0.0072175434417351084,
        0.004940485806072097,
        0.0033501243758005776,
        0.001948777394504776,
        0.002442212112000141,
        0.001337211027973194,
        0.0011314297739291167,
        0.0016286190469228321,
        0.0005661566332149802,
        0.0019487773945048824,
        0.0008000833289934738,
        0.0016914293758042345
      ]
    },
    "conv1": {
      "label": "conv1",
      "per_seed_final": {
        "42": 0.5651200000000001,
        "43": 0.6000599999999999,
        "44": 0.56796
      },
      "final_mean": 0.5777133333333333,
      "final_std": 0.019404806964598505,
      "steps": [
        0,
        20,
        40,
        60,
        80,
        100,
        120,
        140,
        160,
        180,
        200,
        220,
        240,
        260,
        280,
        300
      ],
      "mean_curve": [
        0.14937999999999999,
        0.20810666666666666,
        0.24085333333333334,
        0.2716266666666667,
        0.29902,
        0.3266799999999999,
        0.35551333333333335,
        0.3864066666666666,
        0.41253333333333336,
        0.43881333333333333,
        0.4639,
        0.4854,
        0.5093866666666668,
        0.535,
        0.55898,
        0.5777133333333333
      ],
      "std_curve": [
        0.013323122757071636,
        0.003395133772524054,
        0.0053221173731263435,
        0.009997486350745035,
        0.009370827071288858,
        0.014662005319873547,
        0.01743429187932032,
        0.016648523458052775,
        0.018677283885333327,
        0.019245823789418068,
        0.021926613965681043,
        0.021754787978741592,
        0.024017338181683126,
        0.022417127380643595,
        0.022974498906396183,
        0.019404806964598505
      ]
    }
  }
}